50.25619412202785,-38.923096981934556,55.27608719019986,-45.30092258224685,-21.619997663638525,1.1103527053675337,-43.1647245383086,1.449488034297427,-6.3725362422147445,-12.756344054620762,0.7512193992497012,0.3512118356627798,7.098318109713954,-2.2090773687160823,-6.4067105722026625,-1.7512905534332468,1.3606858447595482,0.026720217615931515,1.532220311064987,-1.053771857869446,-0.6729786494839552,-0.19170608474874162,0.3369128926313082,-0.29596114408684465,0.20205201910507664,0.8220747392768121,0.5745168201784961,0.06661808976192968,0.011207727377053424,3.4939126159938336e-14,4.548923487161164e-16,5.185866898411429e-17,-1.0878894096974629e-15,9.283381833982743e-16,1.9559629178151992e-16,-2.041722320454992e-15,-1.1389774004379922e-15,-1.58190485350509e-15,-2.083399658743128e-15,-1.8832581736675793e-15,-1.407585586286584e-15,6.84867586991984e-16,4.4639359355777414e-17,5.662414701346944e-16,9.795543300515344e-16,-4.589511219989574e-16,1.7729106549886084e-16,2.887169284926048e-16,2.0061011676396923e-16,-1.526068249047955e-16,-3.195707082303276e-17,-3.3802461226066525e-16,4.385810803616806e-16,-1.5339927768130183e-16,3.038070279572017e-16,5.56563314457841e-16,1.258468643210753e-16,5.721826597402085e-17,3.8992489762622774e-16,3.554102003162871e-16,1.5278903942247867e-16,3.5560686069259453e-16,8.869599579220988e-17,2.1618556614403196e-15,-2.627816154090848e-15,-8.462573578451572e-15,-3.4523570502202437e-15,4.4841356797142654e-15,8.467153891954821e-15,-8.437043757613267e-15,-4.1357852384876205e-15,-1.035932762976587e-14,-1.2305423150067626e-14,6.527078238179006e-15,2.233198909009715e-15,7.186189232379714e-15,-5.975120848219986e-16,4.0612844247455415e-15,-1.8272399459290463e-15,-7.674101097712316e-16,-1.983413372862193e-15,-4.9184354281450586e-15,6.707530627600314e-15,-1.2061052972403853e-14,1.1188830617496545e-14,3.307774177672101e-15,4.31426349309774e-15,6.193103599973798e-15,1.1644027926760925e-15,2.808642253648522e-15,4.4207906399360814e-15,-6.638705610756696e-16,-3.842122153624094e-15,4.216532759850597e-15,-2.964342328043907e-16,-1.6193604178458374e-17,3.9317840990897844e-17,-9.572457926782485e-18,-3.386180360665499e-17,-2.3218507780591165e-18
-1.2490485077972246,-13.623759551586435,-1.5809372970386506,7.4005574710093445,-18.918259902533023,12.581749646587411,2.1372572844872613,-1.1423262248677661,-15.497027951734806,38.063806394751836,60.74458260435016,-31.28062090611838,-17.60404704986155,-5.187628617948415,-5.541065470633634,4.9104105041601915,2.4408410658595874,-0.4688587154568386,-4.152844388674206,-4.248020342174748,3.065571898928673,0.012917285661800507,2.9254472406891874,0.09950670604303201,1.2796447259926174,-0.9834871566486937,-0.05871015977283523,-0.12707883397603173,-0.0054768726172081715,3.519405883254061e-14,8.665543889312849e-16,-3.113433604660445e-16,1.6277928760008312e-17,7.843625726906626e-16,-3.263333329532493e-16,1.249425490559019e-15,-1.4214013436647402e-15,-1.825927586255282e-15,-3.0945575132336025e-16,1.242056943583066e-15,-2.64598747046081e-16,8.523847674267356e-16,-1.3611698953182713e-15,-8.760911789543277e-16,-1.1914048479416754e-15,-1.6889073634200202e-15,-9.536610532356142e-16,-1.810173812872979e-15,-1.7732085774018705e-16,-9.05054373613721e-16,-1.9376361024832075e-15,4.72946351628951e-16,-5.32102502697753e-16,6.092424795635143e-17,-1.1735204916988625e-15,1.453507733407e-16,5.680251783846636e-16,1.386699193085577e-16,1.6604689146982314e-16,-1.6050221481745382e-15,-3.327858836478799e-16,7.969552795194063e-16,3.387311017994631e-17,-1.133625022908131e-15,-1.0811872584314868e-14,-7.844624781745733e-15,3.566500829176184e-15,7.318232498548573e-16,-1.5979261404159646e-15,3.420821714433579e-15,5.7059850482202244e-15,1.2267361241117784e-14,-1.9850074621333583e-15,8.483061675147734e-15,-7.884282299547318e-15,-4.512288609497628e-15,9.33558372389157e-15,-2.3798378869181804e-15,8.404870012744275e-15,5.1192293745938e-15,-1.903900378138157e-15,9.174048800425326e-15,-3.383930355269333e-15,1.0904106410293649e-15,1.0517081835880668e-14,-2.2927787716632596e-15,6.067181956684097e-15,1.95862827845944e-15,-2.0268506780410376e-15,4.6465153868561886e-15,1.3952695410228396e-16,7.321828027449414e-15,-3.2672894716816353e-15,5.755409862553149e-15,-9.851612965783496e-17,-1.054310314885523e-16,-2.369875103568664e-16,2.3457727517837956e-17,5.824983769148487e-17,8.765453346479617e-17
16.436142893037427,15.02942830427465,3.442581613957036,3.4512412907913146,9.410526930270684,18.231071609542596,4.037682001574529,23.721197944783952,47.77963361096941,-10.379496160608133,10.50391546983735,-11.779144236540105,6.595089644587006,-0.41201190214483113,-4.033806301536297,-3.5567122503914175,0.888687624564033,-4.156725392913373,4.020822244458081,0.7863256337262219,0.3168779379382773,1.0761380213383227,-0.614477298118617,-1.0020164408590155,1.5322053675430212,-1.5661006896152927,-0.3611499767578456,-0.05432094128290361,0.0012108098149753196,3.568174991207357e-14,-2.6443578522753104e-16,6.33852371978694e-16,-2.0840102760828915e-15,-1.3846625589323644e-15,-1.30700979136003e-15,5.104996158930906e-16,4.028152063619649e-16,4.0048034314253494e-16,9.590290107925726e-16,1.597891369098951e-15,-1.6358981406641366e-15,1.564071549936896e-15,4.783279925917782e-16,1.8528036375844876e-15,1.0839527135464259e-15,-1.0749245768306392e-15,-8.824819821989682e-17,3.715452707169036e-16,-4.580101436618681e-16,6.177302538712564e-17,2.725628029834069e-16,6.663564027268644e-16,6.542645755196557e-16,-7.919963697180014e-16,-1.250903086514721e-16,-3.770359643621139e-17,-3.001718268452055e-16,6.049948958369588e-16,6.645309194611029e-16,-1.8126125084372081e-16,-6.27701811259552e-16,4.4327948397964976e-16,-1.5854804798595172e-16,-1.1825240167627267e-15,7.16953231651371e-15,4.0972900407980274e-15,6.287793693983739e-15,1.7901802526781534e-15,3.1530070989800207e-15,-3.771289241920452e-15,3.4759595925784213e-15,-3.97270111118748e-15,-7.897097910164613e-15,-2.966730131291632e-15,-8.726949253141913e-15,2.412992587814196e-15,-5.911463593348976e-15,-2.072596499063248e-15,4.20029227395508e-15,6.895407354895748e-15,4.580079650002266e-15,-3.578666314183816e-15,7.301487013280147e-15,6.926197006366678e-15,-4.0908644464344277e-16,-8.911187610429035e-15,-7.542122315583016e-15,-5.667773721723383e-15,6.069672505507538e-15,-5.406599920019606e-15,5.933692497593084e-16,1.6118944647160846e-14,-7.5257268131475e-15,9.847417084561642e-15,-3.2870544164897084e-16,7.404011495875858e-18,6.9310575014144e-17,-1.0157404738463684e-16,2.1542539114687184e-16,4.724268118353517e-17
-7.540581937597475,-24.614065399127643,0.3739570331062968,8.040885061333592,-12.346577690604358,-32.182735222855655,26.960891459665525,74.94083415191585,-26.40842930135801,-16.56980188460125,-4.211278619388179,-3.959892382236666,-1.817390056690571,-1.319491650017859,-1.6181234731489196,4.047956162039227,-3.5626037067944245,-2.0984915036415823,-0.5251898716727202,0.18934851678486309,-2.1655947909659816,0.5847550161701377,0.4230462887952986,0.34755958602727066,1.0136077893430087,0.5051223630812816,0.3664492067014352,-0.03440735257322438,0.0032036038021139254,3.5219987738348604e-14,9.867038632730611e-16,-5.064617758334278e-16,2.0741941868841706e-17,-1.0719315124107978e-16,-1.2143317453171446e-15,2.2836715804733257e-17,1.5277411483187682e-15,-2.8198923314595017e-15,1.1768168941224187e-15,7.018873490548129e-16,-1.9803724576059304e-15,-1.3974054211000807e-15,-1.2848406337337833e-15,1.2294873596667939e-15,-1.1951782137861213e-15,5.575609154633594e-16,-1.0628130796465819e-15,1.2804337975951844e-15,-1.0668266361900367e-15,-2.654266637133391e-16,-6.259320906606522e-16,-6.731380874170339e-16,-2.975672118611115e-15,9.394603063074368e-16,2.260000670234242e-15,5.160121317120924e-16,-1.271691664002352e-15,-8.94104701383812e-16,-1.2175076570888634e-15,2.1926354477928714e-15,1.4695209502895812e-16,-3.4750344942410076e-17,-4.0130822549335053e-16,4.5789850364995204e-15,-1.0219050903112779e-14,-1.168473873096326e-15,1.442910410858399e-14,-8.733364463139213e-15,-7.607277819354541e-15,8.077090049301815e-16,-5.9517077697574366e-15,-1.018454017526232e-14,1.2620990949262633e-15,-1.9145355609239002e-15,5.2881762583591975e-15,9.124517887788658e-15,3.377183424364452e-15,1.9424487627533763e-15,-4.252258483506866e-15,7.55983869868336e-15,-7.026748489839124e-15,5.9489583467516205e-15,3.4448202438359864e-16,3.807043856165787e-15,9.440492089468133e-16,-5.83739134950783e-15,-2.2034673153051755e-16,6.901447440871622e-15,4.525597473036101e-15,-6.743801793263429e-15,-5.3983022910428565e-15,3.2312918156122706e-16,1.215505028651244e-15,-1.277254731372603e-15,1.9987995630787161e-16,2.5813620622009677e-17,4.501258136866141e-17,-2.4780340653271258e-17,6.431796555680882e-17,5.604904989167031e-17
-28.763213227138927,7.083438771467608,-2.984851215922898,-8.917948570476884,-10.30175699348749,-5.5167530612080125,-4.496325154096257,-7.434211479592103,2.4920267524785347,-17.72777487093753,-1.3973928612937048,-11.630654763569542,-4.427083061654562,6.301949952225432,5.322014186187634,-16.157758871348296,-4.842299025594504,2.6905326456043825,-17.183662164652727,-25.440794047198093,9.603009979444018,-7.288336510350824,-11.777665774475668,-6.439089539632135,-2.603680171569875,3.5430781659945105,-4.510103550760778,-0.2271267197529771,0.006910454706386806,3.520805230300016e-14,6.183885240190401e-16,-2.880180075392319e-16,-3.479018400662085e-16,2.1253492188111116e-16,-1.0685693806276099e-15,-2.3132941586715773e-16,-4.522724673195816e-16,3.167621871086972e-16,1.3624359091384982e-16,-1.1915075482485743e-15,1.5742788983366018e-15,-1.2314215327474722e-17,6.174810115504417e-16,1.0943380934530652e-15,-4.592518718565237e-16,-5.301228484949e-16,-1.4522412081305455e-15,-1.096312299004391e-15,9.94110053147745e-17,8.441683401499647e-16,1.7964910789312043e-16,-9.95574069906218e-16,-1.2230151124837047e-15,2.8558492988680585e-18,1.0052564974848972e-15,-1.5010132763016683e-15,-1.6550597860086752e-15,1.9000919632320658e-15,1.4304351729020902e-15,-7.462209130674317e-16,2.7065618324225514e-16,-4.8985597970302855e-16,4.027840236448374e-16,1.805701045509458e-15,3.5025432956692267e-15,-1.3335366585565378e-15,6.773599121267607e-15,-5.413128426778618e-15,5.68567627820913e-15,-1.6010992179087787e-15,-5.205189362541178e-15,4.958599229929357e-15,2.3920796036768733e-15,-6.28275972614821e-15,1.1250759082918356e-14,-1.1107343065703857e-14,-8.487667734922671e-15,-5.053922785595665e-15,1.3163863734719495e-15,-4.362408229889719e-15,4.123064452810784e-15,1.9059644314331827e-15,-4.43555678124192e-15,-4.388914984803682e-15,1.9155828561008177e-14,-8.594975136560879e-15,-4.193978175723563e-15,-2.1077798114013823e-15,6.083532065656162e-15,-1.4868532789543233e-15,2.9368180876407263e-15,-1.5171158355250196e-16,6.525411796242151e-15,-4.1620917351952424e-16,1.6407089191641198e-16,-2.1598058486222447e-19,-8.982100485617427e-17,2.2120051656356805e-16,-1.7728066704733467e-16,-1.1514209332447477e-16
-14.27647572541704,-2.057641002582421,-0.2175071394175289,-4.129899459391433,-3.022517176575879,1.8180256739255707,4.942208315139,2.2537540760325965,6.1854727226970185,8.041896770181365,0.16150351995791787,13.862797636817294,12.979629173476194,-14.217670405926532,0.29157862035315674,24.16180507420681,10.505501902914164,48.747482696796254,27.144976776118877,-16.897718575653325,11.27827463751282,-14.050219639941933,2.6170538534425916,-12.21853798046224,-6.412679939660258,0.41306039032023745,-1.1658234711137458,0.22666266392378337,0.0015560261550445396,3.5081204062639334e-14,3.3047375698706665e-16,2.37203724276321e-16,-9.914845404839542e-16,1.6662583055524772e-15,8.191435562526156e-16,7.83105688787299e-16,9.957648244770165e-16,-8.929413572506894e-16,-3.2350275023226587e-16,1.0074401327500674e-15,-7.950106394793192e-16,-1.1430879310835805e-15,1.0813859583785948e-15,1.893264017375313e-17,-1.036920529734931e-15,1.6195613753101925e-15,-1.2986522947350136e-15,-1.5860355937945902e-15,6.729248361790586e-16,7.282356335958486e-16,8.404286932587147e-16,-4.623836238611597e-16,2.0131527664328146e-15,-3.3628959196856853e-15,2.3583475888991235e-15,2.0050043405886315e-15,-5.841572397973181e-16,-3.438729804688066e-16,-9.960979551501955e-16,-2.201686550104034e-15,-5.780687671724433e-16,-1.303908170594318e-15,6.983921198110463e-16,3.2656242672033365e-17,5.424265003359382e-15,-1.3844701705125168e-14,9.580970026239717e-15,1.203546437691101e-14,-1.0477050840693706e-14,1.163114062891128e-14,-9.70780048615563e-15,-1.0790193546808336e-15,6.201723967900827e-15,4.506057580421214e-15,-8.166536162612906e-15,2.6113541474479878e-15,-5.522955929904137e-15,-4.649029508962814e-16,2.1409722859342998e-15,-1.3163200074088533e-15,6.0964866238292464e-15,-5.852403023798765e-15,2.5869563474278666e-15,-4.382780410987871e-15,3.6667439246424537e-16,-1.560364471571829e-16,-1.8999304813677006e-15,-1.2214017444253848e-15,2.641870442577954e-16,-1.8038701847255301e-16,-3.759973588502246e-17,-2.3017424840918386e-15,4.540474991810063e-15,2.599677897320595e-16,1.0955579697355767e-16,-3.996180880649384e-18,-6.2531099599048135e-19,2.366558597390536e-18,-2.4444979466897654e-17,-2.7042133209266746e-18
-6.450435334100842,0.046955334876544214,11.132455742582941,-4.542050989638558,-6.7511338803917145,-12.342174179363958,-2.808469306952885,0.3656439964684436,23.31121973179744,8.374248576028535,-4.282455476961937,24.796719166880308,-37.276046828097634,10.299700354584518,17.750242134159425,41.298316459066776,15.274795170480239,-22.616498677593942,-9.608986810758065,-9.01941585925947,-3.0893575869437147,-10.063150106502967,-3.424950860609896,6.159610022166985,-4.312447556150885,-4.822994958675915,1.346360939064445,0.07626520085756974,0.00471757488373118,3.4789872147015874e-14,-9.633292066988032e-16,1.192862893156175e-15,-1.101541302821911e-15,2.2893418350487083e-16,-3.5139730709498607e-15,-1.7677360916129884e-15,7.697485205470278e-17,6.048142499379202e-16,1.707356951985322e-16,1.659848409322786e-16,1.5029269613480316e-15,-1.8075207266125036e-15,-5.986960680977428e-16,-1.6824250207334652e-15,9.919235082752484e-16,-1.2619963292814574e-15,1.4316985128811285e-15,-3.4860851339968824e-17,-2.0692084398642487e-15,4.061569944395458e-16,-1.5612308753276155e-15,-6.261143910638224e-16,-6.412347427693166e-16,-1.0341031475908192e-15,1.6302787381720067e-15,9.456889929927972e-16,1.6784464138389943e-15,-1.82186385028164e-15,1.0816984012825327e-15,-1.241708467943813e-15,1.7713960860940145e-16,-8.01339496736121e-16,-7.272495934500195e-17,-2.3158689506858618e-15,-2.3956473274608625e-15,5.612397249302061e-15,-4.41032930234767e-15,-7.896493424323966e-15,3.609567273676704e-15,-2.503368688758261e-15,7.801708024348055e-15,-8.202247378302207e-15,1.8175770916793885e-14,1.1560369878777628e-14,-8.29082971299837e-15,4.9247013509082506e-15,1.2728096713618969e-15,1.1651999134374234e-15,7.21491588581254e-15,-5.03369399743711e-15,2.3239284245951915e-15,-3.3125579799075635e-15,3.270221078319462e-15,-4.566134981265244e-15,4.9274020727477256e-15,-5.887248352573965e-15,-4.437871983388283e-15,2.482700513449119e-15,3.2976636118428613e-15,-1.4285710610945083e-15,-9.439506957538593e-16,-1.0755391836095663e-15,6.137931711370134e-15,1.2685381437171418e-15,1.2093151312663228e-16,1.901315764360565e-17,-3.485846782365184e-17,1.5329097660730012e-17,2.9124735134402155e-17,-2.5738309004651122e-17
-12.66605476074023,-2.49793248441777,0.6149153336039074,5.234800887990087,-6.029317306473075,-1.643134851154588,-1.2822672841853482,1.4752714403200407,-0.6785720503489509,10.901456485256121,0.2958786864026732,15.355482586294647,4.252309738682626,10.66511764249152,-0.6133523178797249,-17.01533306597536,40.470046310547744,1.1285494768364417,7.66726558968451,-10.077418263905402,-9.26546884657074,46.383393309504626,-13.344886373161462,-2.515323239097202,-4.669702657471314,1.2840256153096816,0.3848488342124294,0.13753061174806477,0.0049678041529372064,3.504513735867235e-14,-5.578315409340485e-16,5.589747960714494e-16,-1.4197256092474075e-15,1.352624300111272e-15,4.2321353670468925e-16,9.371873106538226e-16,1.5833045725587942e-16,-6.797717469235742e-16,5.77883362555291e-16,-1.0085849219726633e-15,4.1703370934883503e-16,2.0927308328617228e-16,-1.9541730876370088e-16,9.833992667484428e-17,3.140496654557682e-16,6.226674030277358e-16,2.9035608572832126e-18,-8.882137243979832e-16,-8.663696285509148e-16,-3.0399673325874248e-15,1.604696555130907e-15,-6.436236522166879e-17,-4.3922534473748587e-16,1.1379540905335383e-15,7.703810366835412e-16,-1.4101412290563238e-15,2.257950776160938e-15,6.186188847128336e-16,3.3841129542644585e-16,6.344273897337397e-16,-4.072053987393953e-15,-2.4239006981189893e-15,-8.103588921721709e-16,2.536034693857697e-14,-1.4853235228315127e-15,1.5213400248983197e-14,-3.3371741411942106e-15,2.833530735294121e-15,-4.1254434799085115e-15,7.896347584208768e-15,-3.2391666391324297e-15,1.459772385455475e-15,-2.9152812029109457e-15,2.3330152553961583e-15,-3.2642482215116934e-15,-3.314484958081485e-15,8.362229502409849e-16,3.435683366040294e-15,1.385653091396482e-15,4.458272556156058e-16,2.806697219343291e-15,-3.757588138178825e-15,1.4476298347738362e-15,-1.338806153578354e-15,4.035024096978074e-15,1.2756304877297586e-16,1.9305872629217686e-15,2.5254802967432285e-15,9.683536591625054e-16,1.128007945663748e-15,6.514886951875871e-16,9.472424745081156e-16,5.660135403923468e-16,1.371133407529223e-15,-8.158653796339211e-17,-1.919866052555393e-17,-2.9654509657733234e-17,2.7218344659291974e-17,-2.6081401926840133e-17,1.938668038735593e-18
18.62538800958244,48.291454042630534,14.590165178983888,-4.63382487604657,19.582807520855887,24.266616634351003,5.028616359687888,6.729045444046137,-32.72843130553684,0.4602004426760488,-8.273136996070654,-2.765430736627917,7.855880987172097,-10.736361333127773,-0.2903206740026114,3.4818032814346225,9.10553759004413,0.5842325628474613,-15.062811403984167,-12.770070060485235,-10.843138059721461,-3.067378736811542,2.840784197339042,3.556589340766925,-3.255299726894897,-35.44921943062931,-5.073472052666228,0.14723888082587924,-0.024935801678032363,3.512016556186233e-14,3.9992868489329903e-16,-1.3703379275242776e-16,-1.9256888165481972e-16,2.8588478372939944e-16,1.7192724264565892e-15,7.785964524152243e-16,2.642667562379574e-15,-1.0199319096719755e-15,-8.44051633010667e-16,-1.1305994613711832e-15,3.83868448374167e-16,9.195195079646814e-16,-7.499108669050861e-16,1.1468882574902902e-15,-5.816557091358106e-16,-1.4241265256763736e-15,-2.139008066801414e-16,-3.0606019883717707e-16,-2.867267974857054e-15,2.5598059307747936e-15,5.962385045094183e-16,-2.3318637450408354e-16,8.395726288496883e-17,-1.6554543930732018e-15,-1.2576367066667074e-15,-2.8093839121143247e-15,1.3977780676651257e-15,-2.316228533495393e-15,6.666691980806042e-17,1.4481595128899718e-16,6.819083899307611e-16,-4.184899220676734e-16,3.5996379401768614e-16,7.001935014090151e-15,-1.1328336280100741e-14,-6.601207047402192e-15,8.869470021240613e-16,-5.795815267275541e-15,7.903181601898267e-15,1.9668166689537382e-15,-8.090302931912341e-16,5.869701674654456e-15,-5.692919534549065e-15,-6.44376343627105e-16,-2.9313372016281278e-15,5.7571572737320106e-15,-8.251776491725594e-15,-8.652938219312136e-15,1.22341217010252e-14,-8.331774360112151e-15,-7.223337126238415e-15,-8.632005916795941e-15,1.1670336074878583e-15,3.2043229060831102e-15,-5.4183769176892584e-15,-2.1654673067062065e-16,-2.207342687352875e-15,-5.087900808120342e-15,4.791692398090573e-16,-4.5467766521135926e-15,-1.975436857703159e-15,-3.849871242051954e-15,-2.1849243645721037e-15,-7.677475610236182e-15,9.353113728245385e-16,5.558535864383698e-17,-6.77115966342718e-17,-1.1003756959409206e-16,1.4528892020099837e-16,8.183865664237977e-17
-27.26179224641592,11.89711804487499,-0.91476479197183,-12.307648021765795,-6.1583072400289955,-4.262113053511067,-4.877876739029888,-9.026797355229537,0.32544333823554056,-17.009317894542555,1.2798377562815024,-13.714500526519913,-7.473396424107502,1.422011035178146,0.25671540907476,10.50987307732785,-2.218663184316833,11.064254947721583,-2.101758269342174,26.876273327115555,-17.58607013831757,7.5347635248563245,3.5174659103049444,-6.120019344185821,-8.788417891093259,-0.3020144027653533,-8.431932949139608,0.13921366006194233,0.01000559229293252,3.527124972425748e-14,8.588518932088635e-16,-3.0188144443772117e-16,3.1906982115392493e-16,-1.826456864373454e-18,-6.793031542725392e-16,1.0506136197197115e-15,-1.9667135250681818e-15,2.020142047032175e-16,1.0327832517220774e-15,-2.6808762626559195e-16,1.713088627777376e-16,2.7657990503989054e-16,-9.196869822524102e-16,2.1212105054567128e-16,1.5953387039644042e-15,2.477404641701596e-16,-1.9396447296792587e-15,-1.4225967515680483e-15,-5.608065814256418e-16,-4.4004987501418993e-16,-5.372166345607394e-16,-6.48533797049863e-16,1.5278503443963024e-15,-1.9836170034811118e-16,2.930391761314406e-16,-2.0865706305472108e-16,7.556209233556299e-16,-9.428917197071878e-16,-8.039849551607061e-16,1.3114061092285556e-15,1.2276980328760778e-15,-2.0088599975747583e-16,-1.1762316748970968e-16,1.851072744007786e-15,1.3211558620158941e-15,-2.587862101284265e-15,-1.1895289746974312e-15,7.561194569640526e-15,-8.234625295183896e-15,5.106562396698519e-15,1.6326281948550254e-14,2.1850181415756638e-15,-1.3471161651877852e-15,-4.565614692311353e-15,8.805765607472077e-15,6.730521283050259e-15,-5.014030184840921e-15,6.861123280998497e-15,2.919032308897991e-15,-7.064353910349438e-15,-1.1084511663772573e-14,1.7861927313743884e-15,1.5203371025938838e-15,1.5781562912670335e-15,-1.2833198069499582e-16,-8.14715274560466e-15,-8.791296600918638e-15,6.394400876836487e-15,3.046978918717131e-15,8.169479299707068e-15,9.59516450165376e-15,-1.179502263655502e-15,9.154718047174027e-16,3.0609153518842007e-15,-1.1292045410571633e-16,1.658556268565611e-16,1.63084440559786e-16,-2.26824529895128e-17,-1.926563094054603e-17,-2.928412759141732e-17
-14.887388100070746,-38.72623365334495,-12.94314807974615,0.5982667901662013,55.108168841950736,8.447468395143225,-18.213085323006833,1.7035124414911618,-6.01910923486568,-1.6163700848494982,-0.49005449093738074,-1.999306901461782,-4.437474787884264,1.1916411094713113,-1.2233769841526576,2.299071522989424,0.31222823379989506,-1.077718370297294,-0.42764249821131045,-0.2994323475710415,-0.11105111234406435,-0.511009349676864,-1.33822591928781,-1.5960655946764577,0.6078837321666637,-0.5700907662321234,0.019340932697752736,-20.11994696237341,0.008821572857676754,3.509903279274646e-14,-6.130274053767825e-17,2.749071651713612e-16,-7.507337948309945e-16,8.420905948988843e-16,1.8903314166567984e-16,2.390347110813443e-15,-1.3162707593866828e-15,2.8143949571980227e-15,-2.140037583180328e-15,-6.021011578898025e-16,-9.847274625696134e-16,6.496155944934687e-16,1.9965263386152146e-16,3.5090709116635274e-16,-1.5961494196600572e-16,1.040626181711818e-15,1.0225101474848143e-15,-6.650600539497226e-16,-9.618793222734716e-16,1.7634758157056045e-15,-2.5766369727614985e-15,9.397229089109449e-16,-1.700390004820996e-15,1.042571664062684e-16,7.532250141928604e-16,7.072894575673377e-16,-7.805561232760808e-16,-4.768322669310884e-16,-4.2726902964893487e-16,1.7936395669500347e-15,-1.842824343899099e-15,-3.433015730864287e-16,2.3796403083371014e-15,-4.621308000234303e-15,6.105348857486564e-16,1.8426780760814918e-15,-1.4722404470354893e-15,-4.894966369669267e-16,9.844027460533891e-15,1.0250880118025501e-14,5.1869924129502505e-15,4.564736375372497e-15,-8.791996131998187e-16,-9.052274864918463e-15,-9.568234725378882e-15,4.199593611093635e-15,-1.2310662190310845e-14,1.1665917965612197e-14,-1.004829150733787e-15,8.946808077217963e-15,7.719707255560597e-16,4.189483002481305e-15,6.193858418634319e-16,-9.88806272075389e-16,5.750375847365186e-15,2.6241562614698434e-15,5.519735751065938e-15,7.717593360699833e-15,1.5841855090031664e-15,-5.139747431935826e-15,-5.44484649591084e-15,-6.077757660078141e-15,1.6297148641032992e-15,-3.243330930130747e-15,2.1420605693030048e-16,2.210801367703425e-17,1.8417238943657563e-16,-1.430304468693619e-17,-3.8664026255021634e-17,3.701827797068753e-17
-4.4633840524143285,-6.074410290842077,4.4109135868446305,-1.987242849611866,-2.0775459377254286,6.740515974774239,4.73619334201896,-1.819367816771242,-2.3761498563994032,8.773073333251102,1.1101288537187843,3.325436750165879,15.46549530880062,-39.122420514849125,56.51817841539584,-6.462218233122046,-10.882413473377078,-15.952939415776841,6.440474227464376,9.314662904037538,4.641378759870347,5.568674950979456,-9.22849138217315,-5.034458445645518,-3.256359754300842,3.119715867336241,-3.884427957604298,0.07459827760742913,-0.0010678258002358035,3.50882344303815e-14,-9.676151707811466e-16,1.0808905309081262e-15,-1.1037246416595183e-15,4.3452507456566185e-16,-1.1332281486465683e-15,1.6320573648987754e-16,2.886851311650964e-17,-9.090491927360919e-16,-2.485484732253198e-16,4.861983610676727e-16,-1.3618107140342514e-15,-6.099164571282977e-16,1.3213975739218973e-15,-8.972715729799108e-16,-4.904501373571201e-16,-1.0824480040625031e-15,7.025950967014404e-16,-3.2510548756929807e-16,-7.647143413977892e-18,8.676419627512331e-16,-5.677500490511561e-16,-8.209497328705676e-16,6.865254167859157e-16,1.4709860343221259e-15,-1.7862812676506544e-15,-9.173653805079327e-16,8.621161252858938e-17,2.267846887660155e-15,-3.005266197774149e-15,5.113619699439902e-16,2.101884732488804e-15,-3.713678100172553e-15,8.818853242125772e-16,3.143932910740803e-15,1.2744778299939535e-14,-4.689054143313188e-16,-7.111394986826049e-15,1.0946541501125497e-16,-6.140497076335617e-16,-2.7287279442371396e-15,-3.759709490543997e-15,1.19809785759963e-14,2.998992907068959e-15,4.728223641675297e-15,9.676574919641154e-15,1.9424980894218054e-14,7.405762222280875e-16,-5.697127252803903e-15,4.071434047405843e-15,4.6721109822651564e-15,8.013447667728375e-16,1.9512899814318593e-15,4.3696978638642326e-16,3.882668163416315e-15,3.5135471254664706e-15,-2.136765185672546e-16,5.18053411168563e-15,7.376190702200698e-16,-2.6748617740850987e-16,-2.6653978874631486e-15,-6.451606622675701e-15,2.593559526220946e-15,3.663758974624285e-15,2.2802167068203707e-15,2.650070385859524e-16,-9.601679117500571e-17,-2.1953977614480844e-16,-4.999074614216974e-19,8.472203834567769e-17,1.4367393674815504e-16
18.69281317204777,1.754493595080161,23.220445154428045,52.784270515574526,5.1831956942896324,-25.592107522103305,-3.022762728131209,-20.2229283352799,-1.5383856761361332,-13.427993473484014,3.8211337876051013,-2.6733431324800168,3.0761826522007194,-6.878214150161984,-3.9215270178389092,2.5564653278857774,-1.0961327034343404,-0.4894184096909786,0.9867403024355741,-2.9173077964219383,-3.555366530252734,-0.7193116972110727,0.023245911128919345,-1.4443793899084694,-0.8863682157186734,1.8510823001755399,0.6154217828417787,-0.09182080910982297,5.722109737712502,3.514533430777079e-14,1.275059283444076e-15,-8.37814963788115e-16,7.0387839357979005e-16,-3.385806448645935e-16,-2.7910476372002794e-16,2.871292333584284e-16,1.7896634488691577e-17,1.2292920720273938e-15,-8.181136191092076e-16,3.1093134529186193e-16,-1.1335777420427391e-15,-8.508263087565677e-16,-9.112983619153875e-16,6.084083141287793e-16,-7.382128973768047e-16,-2.33422392009166e-15,1.0357593670312277e-15,-1.3418170903701463e-15,1.5173825426439117e-15,-1.7851592991106123e-15,4.94979661200491e-16,-2.4017845012341056e-15,-2.4508812647805585e-15,-2.842458035224555e-15,-2.1576781945163982e-15,9.10028596388259e-16,8.815624509348722e-16,3.500404698728825e-16,-3.5668388499455213e-16,1.436040716993264e-16,-5.574486661535268e-16,-3.5296577774778206e-16,-3.179869778298154e-17,-2.2174839916506508e-15,6.052877465468972e-15,4.147049264748186e-15,1.1163035726320731e-14,-6.225706801849854e-15,2.419761470193482e-15,1.981600154507216e-15,2.863106347739977e-15,3.0749712084683056e-15,-2.0226312990444213e-15,1.1080437765203664e-15,-1.2583692944609754e-15,3.005417767504979e-15,1.4131431094502822e-15,-8.534159351754152e-15,-6.249869496709703e-16,-4.627622941746035e-15,7.881610399404318e-15,-7.056371578300883e-15,-7.728772264921448e-15,-2.248553981491407e-15,-6.270564145599357e-15,3.8995262885203036e-16,6.936725915205216e-15,1.824047598609056e-14,5.2831052002734334e-15,4.620685597008373e-15,7.09835704578401e-15,-8.388884394510069e-16,-6.3824181078286024e-15,-4.2134740492389583e-16,3.703059464422729e-16,7.35869325908299e-17,2.6628185687093295e-17,-6.886625509392331e-17,1.486792051424722e-16,1.438075187077934e-17
-23.754038684172173,8.4214424508277,-0.8407444349560074,-7.935740412203245,-6.780189404379647,-1.8929195275806026,-1.1672361167976197,-7.203444749707666,-0.8508887797269655,-7.79632213235465,0.1696055576488125,-3.821386958581404,0.8700286878942847,-2.0206278129613082,1.458688296518169,-2.6013498013435026,-4.716197053672576,0.30529734760195254,4.003175398693695,4.973192152584699,-1.1222750578208307,0.7093963058294959,0.3040875902887429,-1.288641850506161,3.9155719358083725,-9.806608172039025,51.698096380723236,-0.2885348961863339,-0.002801166891263258,3.7452537377350943e-14,-3.0476242134693204e-15,-2.978405733567232e-15,-8.672546600553386e-17,4.627294811916849e-16,-3.1221296267991832e-16,5.125983793693572e-17,2.3867651249787048e-17,-5.262560291275191e-17,5.459746192298737e-17,-1.5628359830520003e-16,-1.0495752793241378e-16,-9.404277674589886e-18,1.4315622063141172e-17,1.8420466712626037e-17,-3.803893888144841e-17,6.626416520632561e-17,2.7785286953991744e-17,-8.974165854889446e-17,-6.079897243579753e-17,4.604902222596116e-17,-8.903641284838804e-17,-3.014193028157825e-17,1.1897507573558327e-16,-1.0028262857820905e-16,-1.0002738842133174e-16,-9.199276516313669e-17,1.513050910781783e-17,-1.0640254592991378e-16,6.189178286295612e-17,7.383092849888e-18,3.389425238084266e-17,-5.3390731762576475e-17,6.821435022947135e-17,-5.460802651790917e-15,4.563828416856552e-15,1.228818558012394e-15,2.400219835214179e-15,1.664034055896107e-15,3.0433878502078762e-15,1.0918385078641505e-15,-3.084477666660696e-15,7.182689230019781e-15,-9.097311927678706e-15,6.169086631045509e-15,2.1510144126129308e-15,-4.509233141421828e-15,1.5295084715265323e-14,1.3060107559657312e-14,5.766036756284388e-15,-7.169180168485136e-16,-1.8756072256528832e-15,-6.8692974861449774e-15,2.1007686452076004e-15,1.5821973537858325e-15,-2.7535417362781687e-15,-4.053870912075019e-15,-3.796639418179433e-15,1.3211754744566777e-15,1.050647380664603e-14,-1.0143378607584042e-14,6.749566485380351e-16,-4.510344039996539e-15,7.755684264759318e-15,-4.3238068393456e-15,6.709282149925336e-16,1.027542648100266e-16,9.00202462806902e-17,3.735247504859817e-17,-4.948937083289953e-17,-7.203621068991832e-17
-8.66417094745875,-5.561372006632115,-0.0675531668926541,8.567618560556284,-6.0205450020525815,-4.67998947590534,-1.3376571848565502,1.8011648232112174,-0.47380531223434535,9.474021863116457,5.461199914869291,12.495144093726719,14.679332573615895,16.159727226165554,8.219857299465243,-28.612023137781872,36.362404771198584,-0.6652165381944587,-7.857332624510036,25.622376628361554,-0.8123129286385582,-38.171854363171626,6.252944273554965,-2.676702272032296,2.1387174451952182,-1.7751804932917965,-1.374306250691717,-0.024265221821405374,-0.00445346758164752,3.5098979678650294e-14,7.848726027345378e-16,-3.870747488448925e-16,-6.693771370477529e-16,3.9640675791291214e-16,-1.2029133536865682e-16,8.783092913373525e-16,3.272712206246592e-16,5.0302727616247986e-17,-2.337691802157969e-16,-4.3563183492260767e-16,-1.9634787874860324e-16,-2.4550574705538736e-15,3.0198941427385276e-16,-1.2404873673257746e-15,-1.0023859820846076e-15,-5.813172430583937e-16,-5.066919550894885e-16,-7.960380063316792e-16,-3.0424386173591734e-15,3.34936381264123e-16,1.8829345273599456e-15,1.0791942665528472e-15,1.1861795462157023e-15,2.6782877501380445e-16,-1.5945409635908531e-15,2.7008824030424217e-15,-2.858328530139468e-16,2.055374802431605e-15,2.4540476865558204e-15,2.38198213467039e-15,4.096040822515232e-16,7.969127693812942e-16,-3.3443358669003484e-16,5.752105763204447e-16,8.313006581171832e-15,4.35916899472821e-15,4.790056341504303e-15,5.441785251309689e-15,-1.9219686872725136e-15,-5.974759881880971e-15,5.0583072768719855e-15,-5.728637479652761e-15,-7.721789848386171e-15,1.3843328288897895e-14,-1.6150665773426761e-15,-8.593227080725428e-15,-1.0071133409180214e-14,-8.083840377077775e-15,4.219281440475189e-15,3.425878328706327e-15,-8.358459882215774e-15,8.062441276081889e-15,4.049531438025022e-16,1.822878157743047e-15,-1.9871895253168207e-15,-1.5242918047897775e-15,2.9164172779055458e-15,4.715656177514407e-15,-2.926237518617298e-15,-1.35786801337663e-15,-5.678143427497337e-15,-6.126022140847953e-15,6.922010548393541e-15,-5.440508556351636e-15,5.018683313361997e-16,3.5375307053982526e-17,1.7098554620220193e-17,6.2264620234894e-17,-9.070565980290927e-17,-1.1975737717408987e-17
8.884600852245304,10.666228315541227,11.2511639020848,4.876105438609559,2.3088435663999003,5.839421804790233,-0.9529737335795863,5.874144549126163,-1.8962169187337166,11.647391824576657,3.771494688850507,24.47489762361807,-33.65674735492697,18.723403731506846,10.40076286926614,-31.49628238618904,-31.836408608310833,11.985701403917874,24.691960781039597,-5.097868690607518,-20.898407706289802,-3.851425770391784,4.722256645179213,0.14551516011298402,0.7106559848735721,-3.7194769291563077,-2.923962087303725,-0.10201477311479344,-0.006466752479979073,3.5040270599026965e-14,7.820259327207272e-16,-5.44889053025651e-17,-1.2379892106052016e-15,9.659736832077342e-16,-1.105663530777481e-15,-2.1475612285699146e-15,1.3282857676767732e-15,9.1515555648653e-16,-8.71208100448287e-17,7.509398670203586e-16,-6.049211984697866e-16,-9.124576413547592e-16,1.67230966220373e-15,9.626861789187758e-16,-7.415685205436578e-16,1.8402440369708157e-15,-1.5518600609344946e-15,-2.325978791953953e-15,2.166782489715389e-15,5.877842947822137e-17,-6.810328103371512e-16,2.4289222390441045e-15,-9.87359163755183e-16,8.107088782577536e-16,-1.7777485541428403e-15,-7.511364377905182e-16,1.7945327481970674e-15,-1.8283085675054666e-15,1.1797512973391223e-15,9.151275246390027e-16,8.209475146342286e-16,-1.8867332456273268e-16,-2.5166666371519966e-16,2.3104677212802166e-15,3.7816240774908435e-15,-1.1384425424910075e-15,8.077505366492524e-15,-3.865177793118697e-15,-9.708174050664206e-15,-7.95465522739683e-15,1.0947941691527058e-14,6.16942427919237e-15,3.4257522271506215e-15,-5.102464140996093e-15,-1.4427532830988719e-15,-3.557393095894071e-15,5.351593234485597e-17,2.077713760341831e-15,-3.670540802765388e-15,-6.62972948968327e-15,-6.600678233927526e-15,-8.123134941947123e-15,9.374794968756135e-15,-5.723999167267747e-15,3.968513439558908e-15,9.40694098592459e-15,1.0416116304708149e-14,-2.6965859212566742e-15,4.809885366557991e-16,-8.34384456531589e-15,-5.399220474732849e-15,3.2367583889527608e-15,2.400282444093392e-16,2.3266714839168775e-15,-3.7109063812096844e-16,-1.1511339509290685e-16,1.617964325809698e-17,6.593720936300776e-17,-9.517762028619321e-17,-6.141509912566185e-17
-27.716468381038755,5.868752433354775,-1.2240884258653824,-6.320293440118843,-4.1839817104965125,-3.9807559027281276,-3.5875144732806863,-5.940336000675574,-1.0480368223334,-3.538304061676239,-4.251883087949747,0.6518849806166008,6.173747242737502,-2.3776049110078015,-4.994678364974392,-5.411657707768243,1.194089249072168,-24.31408266555214,13.943374478963522,-12.648290762008148,13.197214431912233,6.655044317143256,53.80796841610797,1.5063371187444947,-8.349336800956666,1.9085818340192666,-4.432040517281963,-0.03957992572899415,-0.011968085679695286,3.516543788970725e-14,2.20537146047621e-16,7.700840308217409e-18,1.13573379521682e-16,-5.47671511761021e-16,-2.0087550939867973e-15,7.108247666157556e-16,-1.726923979436614e-15,8.388621396716337e-16,-1.7993712798443886e-16,-1.9812496167713813e-15,-9.876311841786158e-16,9.918683260184741e-17,-5.633217414749764e-16,1.165536997367724e-15,-1.4422006708126176e-15,1.0429778613910095e-15,-4.621513605915381e-16,3.595203306761803e-16,-5.492575889218911e-16,2.3380262184074075e-15,2.326210626313699e-15,1.9040441731422014e-16,-7.115665308358939e-16,1.4594194307202374e-15,-1.0640695073202082e-15,1.3747563079534816e-15,1.067992853796638e-15,-7.562141382442384e-16,-1.8293780242925725e-15,-2.7416288959670375e-15,-6.937749840567429e-16,9.914289708270169e-17,-2.4786313237805413e-15,1.8056350694197182e-15,-4.954747826860478e-15,5.2825540405579225e-15,8.46365368378768e-15,2.0183483401502142e-14,1.4551430841806703e-14,-4.564461112074935e-15,-1.3937924688024573e-15,1.5519062895747366e-15,9.526042967389262e-15,-2.8139309957942103e-15,-1.152550078311317e-15,2.659666398952376e-15,3.939176563587076e-15,-2.8677637452243564e-15,-5.968556683019347e-15,-5.9757756426719455e-15,-6.407111892923743e-15,2.3770786688772527e-16,-2.8032574014852785e-15,5.759865595460532e-15,-1.7148465564536339e-16,1.3147650149310685e-16,3.1606819785558757e-15,9.290508716713245e-16,2.0327587798012742e-15,-1.5176603437876131e-15,-1.4298807386459703e-15,1.4727722459911294e-15,3.108295779679654e-15,2.9998810152413713e-15,1.629018064760776e-16,-1.4112132999763506e-17,-2.7454597736678134e-17,4.3712674511242557e-17,4.217586506762401e-17,4.7841520546467395e-17
-11.18316238871833,18.082353872787078,-1.4145116005506044,-5.045167057657909,-1.9925412560015041,0.496531836232976,-0.718113810975698,-5.512936402414447,-15.281430237751376,-0.679740263791568,-1.527872354367232,0.10777839679853753,0.162007390314668,5.188431711284644,-25.23135147386715,1.9707060085749104,-4.415887391798502,-27.60655599389967,36.09811657282426,12.321662398399944,23.742174618616385,-8.523515826304628,-29.181485942741446,0.10462952308136537,-12.224046329525109,-6.121289538579377,-5.76223743886123,0.2793720893491625,-0.016393241217499605,3.536139394290457e-14,3.517296056895123e-16,-3.1036014818595987e-16,-5.4991235375862695e-16,6.583116994072229e-16,4.466553159428706e-16,2.1263834997403352e-15,3.966443032324675e-16,-3.0881968630276505e-16,1.2367565415310025e-15,-1.9314447908955125e-15,5.535068967744033e-16,6.596302576840883e-16,1.2657678781429872e-16,-4.531730248048357e-16,1.171091121563274e-15,-2.217554869824426e-15,-1.207965871302952e-16,1.0839010024606855e-15,1.9121042864000665e-15,-1.8545221499645763e-16,1.2809607135033728e-15,3.3093611780259414e-15,-2.002012919276325e-15,-3.072194739838035e-16,1.4807809450149063e-15,1.6654186414120863e-15,1.3510788064828631e-15,-3.723133670672581e-17,3.6587907866304327e-17,-3.449886344938561e-16,2.311465642666601e-15,-1.1076428709851868e-15,1.1194402279079772e-15,5.372951944490925e-15,-5.6204637486029825e-15,-7.474274172000754e-15,8.657862277549066e-16,-7.981724040716143e-16,-5.901563869768065e-16,-1.155225120970251e-14,3.143036268728249e-15,-2.616244436672281e-16,-1.5941942041687303e-15,-3.783142504823514e-15,4.2647421420065187e-16,-1.8254744927920127e-15,-2.2962201834886707e-15,4.9038689491788265e-15,3.5362468052690213e-15,-1.8411213370741535e-16,1.561912214491252e-14,-5.722391631266295e-16,4.7215037818404725e-15,1.4382672971598482e-14,-3.322302118174288e-15,7.026558390269989e-16,3.746426827172085e-15,4.835909449773294e-15,-1.5905469925945865e-15,4.4007191911386154e-15,3.7507812614017293e-16,-6.013011958893365e-15,1.2308942853237603e-14,6.345039850642307e-15,-2.871218716331751e-16,-3.4867506377985366e-17,3.686724827809215e-17,9.34130322263432e-17,-6.880147504498776e-17,4.9556256348897563e-17
38.12809540552709,6.2788025843007835,-46.303036263835835,-7.946358776466521,-5.012795110463918,-15.387551187336523,-7.994310408192666,-4.190317199062909,-1.5200704874796211,-0.5973280641994133,-1.1922631403950614,0.4869678693216557,-0.3818592172205042,-1.8426430425024727,0.9706898928241556,0.33135726355775297,0.31015494401792143,0.4719473355570013,0.1704162675378987,-0.9469546380782445,-1.095989070961227,0.3916611826784234,1.0950249880677978,0.04896995486237851,0.9797182220244609,0.22859157492981716,0.14234946497001905,-0.013275743029326081,-0.00043566277545960085,3.576143468693759e-14,1.5987334535323361e-15,-1.8682835274063037e-15,-1.6221569260911333e-15,1.1939037081591849e-15,-6.33564213657378e-16,1.8113271689178366e-16,-3.060178421876816e-17,4.532421894463028e-16,1.538280912385609e-16,7.509820925778182e-16,1.9509682534600813e-16,7.323031765742574e-16,-8.059224223709817e-16,-9.458260753787145e-16,-1.8589810418900274e-16,6.945374957096009e-16,9.286076318176157e-16,9.217067461028243e-16,3.251633643766672e-16,1.3191277109329123e-16,6.585467452157149e-16,-5.481134130390421e-16,3.006729141558919e-16,1.3265485759595057e-16,-1.4234604945853407e-16,-5.543022124754591e-16,-3.2500856232428113e-16,-1.8685649176493357e-16,1.6356202653889466e-16,6.364704347407209e-18,3.7581146826270146e-16,-1.899879404838741e-17,4.4982618488544006e-17,2.957863600717481e-15,-3.842066137635819e-15,-9.009748748375874e-17,-2.4768382175693757e-15,2.2911060952758514e-15,-2.5848246145226094e-15,-7.066099993405893e-15,-1.213485877620437e-15,5.9913001595197534e-15,4.861871436895087e-15,-1.957172543998802e-15,-1.6069367542664635e-15,-1.4779779288377048e-15,-2.115531512727192e-15,-6.970805233078669e-15,3.499779994746855e-15,1.172821231878724e-14,-1.7346361499650547e-15,6.204030896369262e-15,2.259172271264689e-16,-9.018681492662429e-15,-6.336336233570858e-15,1.0195151934957138e-14,-8.281459560984449e-15,1.4547587820578701e-15,1.3444995775682151e-14,-7.37812120852424e-15,9.644749181420905e-15,-1.0090911640067466e-14,-1.2958723420856412e-15,1.0424884475485801e-14,2.2420192634542626e-16,7.753989603721613e-17,1.8542062126747985e-16,-1.9640215943836299e-16,9.737502529254086e-17,1.432602469343278e-16
-23.069877290277468,12.575931257097917,4.489338461446165,-6.399393160785637,-4.058034462161137,-4.449578528739871,-3.2614154026372018,-7.021514652302001,-2.8251769353521126,-1.9943079621151352,-4.833731347418872,-0.8902310425069936,-0.34069438167181854,-3.4852700176630522,-2.00686655835876,6.519663728963849,2.5364295068772513,-1.1137824692241372,9.557832733653921,1.908210389822921,2.0532215038766037,3.370920574659547,-0.8446713297831205,4.2360269286855115,56.360245465748555,-1.0948251778670133,-9.05744493729604,0.04682588327483752,0.01950543503742962,3.5071464679091835e-14,-1.2937750987053683e-16,2.13150847903703e-16,-3.393279141709252e-16,4.274745685122878e-16,5.934430605480337e-17,9.22474877754306e-16,-3.098414645318926e-16,-4.0616010417073877e-16,-5.2829577672738e-16,1.676488790602308e-18,6.005461723492419e-16,1.332627279233126e-15,3.1363201813483278e-15,-1.8013057126135313e-15,4.920712453220507e-16,-1.3937344415965246e-15,2.031404834092279e-16,-8.864140741231897e-16,7.645548085650314e-17,-1.9935077908537155e-16,1.596691466126562e-16,-1.7332533591183145e-16,-8.630118225056989e-16,-3.981250503288149e-16,-2.2101243236768532e-16,2.5441798646795026e-16,-3.035777387606481e-15,-2.5439111270184092e-15,-2.0758800982950551e-16,1.1469606859133405e-15,-1.8590300164505299e-16,-6.925207568439395e-16,-4.0206740815455394e-15,4.3751353563279996e-15,8.067249741063402e-15,-2.6829790538350724e-15,5.335470650879903e-15,-9.875353139401545e-15,4.3376847205726584e-15,-9.467182407701864e-16,-6.6637011877362275e-15,9.026050211712468e-16,1.932580901885168e-15,8.579162210432227e-15,-4.732985048878717e-15,1.1289192522390868e-15,-5.928227893750174e-15,1.2600645185313415e-14,-2.055762367278089e-15,-7.696663356942144e-15,-7.637910263806232e-15,7.320005191751105e-15,-7.254683726576019e-15,7.602069123658723e-15,-1.6999318622700548e-15,8.359963496319401e-15,2.512721010482636e-16,-5.616114129485043e-15,2.182354637710281e-15,3.1767199229318983e-15,7.080754434456554e-15,1.137394916113793e-15,-1.6341582915566305e-15,7.681221406246378e-15,-8.307979802427373e-16,-6.096320856611852e-17,5.612206973613155e-17,1.0582405623240009e-16,-9.155816653319414e-17,-7.421078276298926e-17
18.554136152799433,1.7455239483261482,23.365151706641136,52.566816070036516,5.286185519571436,-25.879521932400245,-3.2742041076088175,-20.1470451008366,-1.399518890480731,-13.544383084837083,3.8591354996003444,-2.7262647927052623,3.0165780326924945,-6.824746290915843,-3.8330776327067286,2.6684765549809257,-1.0489180944887597,-0.35689791720615294,0.8877333242938859,-2.8724577887047,-3.6190932795184017,-0.6214605941638977,-0.0602253496520183,-1.5798188731259004,-0.6722992145897202,2.1611847377190134,0.6023832806866277,-0.12093878870259829,-5.72127440921513,3.5150484546293455e-14,2.278652595044299e-15,-1.6189813906475547e-15,1.2382712002614219e-15,-8.181540742461803e-16,-4.917646726163767e-16,7.819331786893009e-16,2.2645344590816296e-15,1.0048593116159493e-15,-1.369654284122943e-15,-5.004785993177168e-16,-7.24708550221284e-16,-4.650477988383153e-16,6.153005236021705e-16,2.449605181061588e-16,-2.357895700752326e-16,-1.8901289234612645e-15,1.0858498015311143e-15,-6.073915538282519e-16,9.193446253396946e-16,5.433725878010122e-16,-1.753712840691485e-15,7.460865379503462e-17,2.460468130106151e-15,1.9222542851598284e-15,2.639910782263137e-15,-3.01921301492572e-16,1.4549984395369578e-15,8.623540784395211e-16,2.8115696657429635e-17,-1.03765568265494e-16,-6.329272545870052e-16,-2.487232180150386e-16,-1.9353458646771403e-15,-3.0898415941290805e-16,3.2841192423559366e-15,9.071273415381053e-16,5.582108667404204e-15,-3.927054534030993e-15,7.909209716828374e-15,4.946517447018534e-15,-4.458410038510598e-15,3.106079904065536e-15,8.134815733666774e-15,1.168586205667316e-15,5.893084347821713e-15,-5.5242094714753134e-15,1.783425201210979e-15,-9.844876472475885e-16,2.6920120366246805e-15,8.343168580210488e-15,-5.4172283190018876e-15,-1.838963044503727e-15,2.1677205990086975e-14,4.036132258450758e-15,-1.3970317113489445e-15,1.0350347010125236e-15,2.3473254881177788e-17,2.7814170890041277e-15,-6.547173785385894e-15,8.230906837436996e-15,6.353632153130328e-15,-2.7148450679975326e-15,-4.19559255437086e-15,-1.3004413336770988e-15,-3.4915596937036024e-16,-1.080435335421599e-17,1.0501392973272118e-16,-5.1623809958364186e-17,-1.3818852473260194e-16,-9.736869110720453e-17
38.12809540552709,6.2788025843007835,-46.303036263835835,-7.946358776466522,-5.012795110463919,-15.387551187336527,-7.994310408192668,-4.1903171990629104,-1.5200704874796207,-0.5973280641994131,-1.1922631403950634,0.4869678693216564,-0.38185921722050564,-1.842643042502468,0.9706898928241601,0.33135726355776357,0.3101549440179181,0.4719473355569934,0.1704162675379011,-0.9469546380782461,-1.0959890709612201,0.39166118267840394,1.0950249880678053,0.048969954862381516,0.9797182220244538,0.22859157492983637,0.1423494649700209,-0.013275743029325448,-0.00043566277546125843,3.576143468693745e-14,1.5987334535292698e-15,-1.868283527404081e-15,-1.6221569260948998e-15,1.193903708165898e-15,-6.335642136440309e-16,1.8113271690935122e-16,-3.060178424929879e-17,4.532421894855802e-16,1.5382809118532014e-16,7.509820926449019e-16,1.9509682524092885e-16,7.323031763654217e-16,-8.059224227823301e-16,-9.458260749406413e-16,-1.858981048692471e-16,6.945374946810626e-16,9.286076333866039e-16,9.21706744418229e-16,3.2516336737966896e-16,1.3191276556945636e-16,6.585467528640354e-16,-5.481134267563696e-16,3.006728884689973e-16,1.3265482022752636e-16,-1.4234610126482496e-16,-5.543021461573847e-16,-3.250087216543e-16,-1.8685674264358737e-16,1.6356241497532805e-16,6.363303066707734e-18,3.7581544348817094e-16,-1.896713497064253e-17,4.474561743144436e-17,-4.823967927210081e-15,-2.125994587518652e-15,7.756582536188883e-15,6.566641664546468e-15,4.4744585265265744e-15,-3.4334261547537487e-16,2.2431053534913086e-15,-2.186969670515655e-15,-7.381989214861017e-15,1.0691964880491075e-15,-3.953871549793908e-15,1.1052917730306289e-14,1.0374615044181597e-15,-1.836538435364377e-15,7.496543157578507e-15,2.3005270397397252e-14,-4.289512268146158e-15,4.9752973259064744e-15,5.904202350371307e-15,-1.7271664583629768e-15,-6.0507409663487794e-15,-3.4386054699445463e-15,7.049886769041333e-15,7.700286172009384e-15,-2.774428260038987e-15,-3.529123422688276e-15,-8.737376878483467e-16,-1.6184097279585071e-15,5.125992242502824e-15,-2.5301434461369354e-15,1.7239802058979144e-15,-5.893204275859714e-16,-9.872736359241884e-17,-5.102468960080646e-17,4.334467543975787e-18,-2.4854032514424942e-17,-6.557220363385172e-17
13.998267326124092,47.38871974000726,12.996296057785674,-7.7670753826661505,17.878361252076314,21.610461016628133,3.300341744497069,9.448696911939885,-22.9107375009508,5.984422228378673,-4.942497209285016,4.309988053946552,-5.190434027019035,-4.21367910881274,-6.322499780957445,5.847702044128043,6.356797286521191,-4.0266259118550085,-6.664643626005607,-0.41063211424083185,-5.383144235023428,-5.1533775855568615,0.2121119043799183,-5.2643292965014785,-0.03187387577173518,43.38373902483888,7.418095672630199,-0.12088345376950829,0.018878561247255028,3.508211027533463e-14,-1.5152910252828076e-15,9.204318253372545e-16,-3.7346204095636816e-16,8.527659574985589e-17,-1.0987859849973577e-15,7.935450724014062e-16,1.777154986615152e-15,8.837979181055957e-16,-4.176986028269513e-15,1.3988621825399955e-15,4.861702642708581e-16,5.508852275988521e-16,-1.555537311385211e-15,-7.490607028205485e-16,1.0714834511374567e-15,3.283077347140601e-16,-1.4997437781297403e-15,-1.1157219533843933e-15,-6.459994559235169e-17,-1.1580851885783886e-15,1.9934067350596615e-15,1.2349563829199658e-16,-9.04326410516673e-16,5.036224592269772e-16,1.2807336610444285e-15,-5.753886625510547e-16,1.0657090342874093e-16,9.32067120296219e-16,-1.4243528162223209e-15,1.4941970796636308e-16,1.562821904021674e-15,1.8801466931532744e-15,-5.875364845262292e-16,2.836182807547331e-15,-3.4561424362742905e-15,-7.847545969319454e-16,8.154650699939673e-15,-3.036255395749517e-15,8.727995310960016e-15,7.408424911794297e-15,9.259241201557457e-15,3.5216000936929674e-15,-3.72440806086614e-15,8.074219603750724e-15,8.621340470477766e-15,1.4373156852312321e-15,-1.3930652109425573e-15,8.036390441792622e-16,-7.624107755343348e-15,3.606254527568999e-15,5.193727490552471e-15,-1.5010952252673301e-15,-1.232324829127034e-15,-1.0608165316062644e-14,-8.218463631997767e-15,2.3462554506352752e-15,-7.106079481514294e-15,-5.247340401551213e-15,-5.475037662577235e-15,1.4858724913211706e-15,-7.686355684905096e-15,2.3275676276671696e-15,8.038106315902221e-15,9.205446640100788e-15,-1.0207074159954153e-15,-7.306316740133873e-17,3.9869880672250603e-17,-1.0663362077471546e-18,2.258231763862295e-18,-2.3815442091073685e-17
-15.144915739991655,-38.045708995850696,-13.050615914252433,1.3586166256452175,53.5982274440557,8.18424047069909,-17.94505680680474,1.5938352022641786,-5.556293015922758,-2.0926069071636424,0.25289539394033356,-2.3628732332141498,-4.24322271225864,1.2512199014575573,-1.1733295337765948,1.306747110601323,-0.4150811739164101,-1.2318708717820441,-1.2688874834336428,-1.2681512687267107,-0.6605127837927268,-1.03129420587936,-1.117735107420514,-0.5836245384408285,0.7879297867299703,0.12316257736760129,0.9093468077610924,20.545326220900087,0.0006216223722466255,3.5144462425838256e-14,3.2528180677864e-16,1.5145370275760189e-16,-6.901853213134834e-16,-9.871267541365278e-17,-1.92143750727722e-15,-6.05895479535185e-16,2.005060110399699e-15,-1.3121651559254205e-15,1.4472527233977011e-15,-2.161080756289261e-15,2.288583462399822e-15,1.175911898966858e-15,-2.1948678167730846e-16,-4.507062188303403e-16,9.00700009548746e-17,2.6483642293423443e-16,1.1223780083333095e-15,-1.7574928734640915e-15,8.775479023989989e-16,6.54440091129969e-16,-4.37808838091587e-16,5.671668954306982e-16,6.037591134523814e-16,-9.460854766466406e-16,-9.374822155574762e-16,8.719787731481258e-16,-4.3607513949917407e-16,9.907597104722674e-16,-3.0207110187832195e-15,1.4168021762206813e-15,-1.7690652803729407e-15,2.393464820962179e-15,7.315578164199679e-16,1.3815643772985297e-14,1.2298683636784209e-14,-1.3791175904890692e-14,2.174950082200114e-16,-2.8862007389442454e-16,8.206563464283468e-15,-1.1848106906951676e-15,7.326927392603738e-15,-7.190093566414743e-15,4.838545367847577e-15,-7.533990829390176e-15,-1.5325156710825549e-15,-3.5456321835854e-15,1.0149445677102284e-14,9.84043021127004e-16,5.5617310626253776e-15,3.732018956706863e-15,-2.9407828500249374e-16,4.161998188114718e-15,-5.30671496976225e-15,-3.8112538040124e-15,-3.526551918227944e-15,-1.901614833929344e-15,-1.6953590780444199e-15,1.1297389254717785e-15,-1.6008697819232602e-15,-1.8691439679300494e-15,-3.893652699104796e-15,-2.314441324249323e-16,-4.490299338360076e-15,-4.8770097348010706e-15,2.62493214130463e-16,3.449343361544198e-17,-2.110071791273239e-17,-1.1207557641267182e-16,1.1960561075042594e-16,4.007158527708193e-17
-20.92446503925538,-9.441898367320693,-4.951774559571526,-2.743048739265421,-9.163964206022412,-2.00799750463771,2.7497753082019143,-0.3705550131149512,13.458614667007216,17.239002458697822,5.292776621527437,41.04521974290671,9.270630209291133,-29.914566381132044,-36.10881959142797,-5.208811822188998,-19.025559447442642,-6.3649955869412995,-25.546483486837452,4.325318046875943,-7.823124386208099,1.4692678959062808,-2.9431380873798996,-12.085457313267398,0.02353628310892273,-2.5327768664774735,-2.3097361781330696,-0.04279677566253351,-0.00360155467263768,3.5084540372930765e-14,1.4723607697876444e-16,3.215867637969838e-16,-3.789818931408594e-16,6.508615337062331e-16,-1.7479116738975079e-16,2.5396470448081966e-16,4.0877590062565614e-16,9.860073299871125e-16,5.890124639330705e-17,-1.3200859197059528e-15,1.3639729816386587e-16,3.101602726637058e-16,4.892618987283808e-16,9.937787627122306e-16,-1.4217752260590082e-15,7.526464475373021e-16,3.855296265968028e-16,7.993658071405778e-16,-1.346542171654486e-15,-2.5179002918206816e-15,-1.334521476519083e-15,5.125127655210387e-16,3.716749548816493e-16,-8.464524765626343e-16,-1.3394196877056055e-16,-1.6359350693992963e-16,-3.1029837548545482e-16,3.5305863171265776e-16,-5.865967704732407e-16,-6.596523979333078e-16,1.529509585552972e-15,2.929450983990606e-16,-7.520227920423865e-16,2.4438278339074952e-15,-1.7221153818532697e-15,-3.638368912246426e-15,-5.044218768181737e-15,-5.145228033743276e-16,2.0752011713757388e-15,2.1386238957147633e-15,-2.4454863855211894e-15,3.1603219928708112e-15,-2.0619439515233816e-16,1.3981350542259046e-15,-6.805914181010255e-16,-1.1414217439048384e-15,-2.3121973578497467e-15,-7.431692928251969e-16,-5.53261792906801e-15,-1.026612056692123e-14,4.810619700616055e-15,1.5798511881735332e-14,1.1127312787972703e-14,-6.5750873143172565e-15,-1.0140631384574068e-14,-7.614454748023728e-15,6.85346084201129e-15,3.461795133897418e-15,2.907672546000134e-15,-8.795151826342593e-15,6.25160619094462e-15,9.795097887451802e-15,3.176070523931223e-15,-4.208709873301606e-15,-5.326654098321433e-16,8.848449787975879e-17,3.9826938171447847e-16,3.36775055522322e-17,-2.28898742202101e-16,-3.2013444186771253e-16
-27.26179224641592,11.897118044874993,-0.9147647919718352,-12.307648021765795,-6.158307240028987,-4.2621130535110545,-4.877876739029874,-9.026797355229556,0.3254433382355394,-17.009317894542548,1.279837756281485,-13.714500526519881,-7.473396424107496,1.4220110351781106,0.2567154090748054,10.50987307732783,-2.2186631843167945,11.064254947721585,-2.1017582693421883,26.87627332711556,-17.58607013831752,7.534763524856306,3.517465910304903,-6.120019344185758,-8.788417891093184,-0.3020144027653794,-8.431932949139561,0.1392136600619438,0.010005592292933631,3.527124972425761e-14,8.58851893208075e-16,-3.018814444368393e-16,3.1906982115176035e-16,-1.826456860780846e-18,-6.793031542659939e-16,1.050613619727598e-15,-1.96671352508326e-15,2.020142047237456e-16,1.0327832516938106e-15,-2.6808762622823934e-16,1.7130886272030583e-16,2.765799049261846e-16,-9.196869824775288e-16,2.1212105078642963e-16,1.5953387035910483e-15,2.477404636074023e-16,-1.9396447288197194e-15,-1.4225967524908881e-15,-5.608065797830135e-16,-4.4004987803556974e-16,-5.37216630375037e-16,-6.485338045554636e-16,1.5278503303393878e-15,-1.9836172080266966e-16,2.930391477746468e-16,-2.0865702675510787e-16,7.556208361416358e-16,-9.428918570322148e-16,-8.039847425389644e-16,1.311405342197371e-15,1.2277002088376085e-15,-2.008686701860066e-16,-1.1775289728635718e-16,-2.4085513628482602e-15,1.0106726534379562e-15,-1.7851587753857646e-15,-7.539421425479417e-15,-4.169031105916675e-15,9.869153331126068e-16,-2.9620002477107795e-16,-1.1964953694133361e-14,1.379347617266751e-16,7.702644391486151e-16,-6.9177818591927096e-15,-3.767430580363545e-15,-7.793638035530272e-15,-1.435373268460566e-15,-1.0441019466683018e-15,4.122009321106255e-15,-1.7594685354882526e-17,-1.1207498919848084e-14,-6.290951401622333e-15,-2.7833370952548965e-15,-4.785313940666862e-15,-7.150034326461186e-15,-3.999520343723441e-15,1.5919221545824503e-15,1.1219186630462907e-14,-2.2254530365667726e-15,3.6873430853701784e-15,-1.0001856403529298e-14,7.832624696380533e-15,8.957998034025776e-15,1.3538760054807502e-14,-2.9947150690147584e-16,-5.931039415121573e-17,-6.442480753214477e-17,4.7021696622047813e-17,7.367119915596668e-17,1.132347674339244e-16
38.12809540552709,6.2788025843007835,-46.303036263835835,-7.946358776466521,-5.012795110463919,-15.387551187336527,-7.994310408192666,-4.19031719906291,-1.5200704874796223,-0.5973280641994134,-1.1922631403950616,0.486967869321657,-0.38185921722050586,-1.8426430425024651,0.9706898928241522,0.33135726355775885,0.3101549440179154,0.47194733555699614,0.17041626753789293,-0.946954638078247,-1.0959890709612332,0.39166118267841926,1.095024988067795,0.04896995486238131,0.9797182220244575,0.22859157492983515,0.142349464970012,-0.013275743029325436,-0.000435662775461179,3.576143468693736e-14,1.5987334535314796e-15,-1.8682835274054726e-15,-1.6221569260927365e-15,1.1939037081626063e-15,-6.33564213649809e-16,1.8113271690176127e-16,-3.06017842358894e-17,4.53242189467967e-16,1.5382809121016405e-16,7.509820926129935e-16,1.9509682529178514e-16,7.323031764653263e-16,-8.059224225879447e-16,-9.458260751475447e-16,-1.8589810454765394e-16,6.945374951678747e-16,9.28607632645552e-16,9.217067452132823e-16,3.2516336595948814e-16,1.319127681803865e-16,6.585467492505354e-16,-5.481134202748591e-16,3.0067290060638454e-16,1.326548378841689e-16,-1.4234607678489737e-16,-5.543021774960816e-16,-3.250086463651989e-16,-1.8685662409622108e-16,1.6356223142734913e-16,6.36396521285741e-18,3.7581356508504516e-16,-1.898209475572675e-17,4.4857606961241586e-17,-1.1468380722438128e-15,4.83557651621419e-17,-6.117220156428662e-15,-8.674615093005969e-15,-2.453274950390992e-16,2.357062927383671e-15,1.5934107459092618e-14,5.89581773147102e-15,-1.0618182471418604e-14,7.629625398345502e-16,4.6787852153277415e-15,8.483790728856729e-15,-6.675870544976416e-15,2.153375269044983e-16,-7.378808564260102e-15,-3.1175189235474984e-15,-1.3689345422346133e-15,-9.319395941078117e-16,-4.528640477219055e-15,1.332081915894848e-16,1.2916891616259075e-14,3.2044463897232704e-15,6.4106071180202676e-15,7.777174647406945e-15,7.562758491071709e-16,9.456549081290532e-15,-8.282317471548076e-15,-1.4291883322779733e-16,1.8632376722161e-15,-1.810630590119142e-16,7.345092908350194e-15,2.40176992453292e-17,-2.6336920032620603e-17,-5.315178808989617e-17,6.704787070236904e-17,7.403334760531405e-17,5.3318604283264895e-17
16.43614289303743,15.029428304274642,3.4425816139570586,3.451241290791339,9.410526930270668,18.23107160954261,4.037682001574508,23.72119794478395,47.779633610969356,-10.379496160608134,10.503915469837363,-11.779144236540123,6.595089644587001,-0.41201190214482625,-4.033806301536314,-3.5567122503914432,0.8886876245640358,-4.156725392913364,4.020822244458072,0.7863256337262802,0.31687793793830316,1.0761380213383231,-0.6144772981186011,-1.0020164408590144,1.5322053675430325,-1.5661006896153007,-0.36114997675783583,-0.054320941282898105,0.001210809814975402,3.5681749912073494e-14,-2.644357852272736e-16,6.338523719788371e-16,-2.0840102760834496e-15,-1.3846625589306537e-15,-1.3070097913581167e-15,5.104996158954806e-16,4.028152063583412e-16,4.004803431470571e-16,9.590290107851277e-16,1.597891369107454e-15,-1.6358981406777167e-15,1.5640715499106234e-15,4.783279925401693e-16,1.8528036376395793e-15,1.0839527134610167e-15,-1.0749245769590362e-15,-8.824819802533146e-17,3.7154527050848e-16,-4.580101432905187e-16,6.177302470270432e-17,2.7256280393257794e-16,6.663564010245074e-16,6.54264572331155e-16,-7.919963743565229e-16,-1.2509031508132302e-16,-3.7703588206679184e-17,-3.001718466193628e-16,6.049948646990317e-16,6.645309676734938e-16,-1.8126142476521293e-16,-6.27701317868782e-16,4.4328341339932983e-16,-1.5857746378965554e-16,-2.148379731726631e-15,4.689880452011303e-15,4.2779889270318865e-15,2.241301713583727e-15,-4.00215366717716e-15,5.286020222596267e-16,7.355739801963797e-15,-7.269985021661404e-16,-3.9886552193687035e-15,-8.417323726978629e-15,-8.82084532069725e-15,-7.299053848968204e-15,5.8517138150075035e-15,1.1584256236671356e-14,-9.774680053689538e-15,9.965889092523445e-16,-1.0813412156399512e-14,-1.0670247562321602e-15,9.84843700254796e-15,6.180079887691133e-15,-1.122631550158289e-15,5.112518071936552e-15,3.6530416185804515e-15,-2.0598644057188975e-15,-3.2371410041707674e-15,-3.8349204283083985e-15,2.0496155736443717e-15,-7.751348780243913e-16,-1.2105827315969118e-14,7.652109622079372e-15,8.272948402354398e-15,-2.359992253887966e-16,-4.9009733177261295e-17,8.36331350836674e-17,-1.6393283100631632e-16,2.789781017999727e-16,2.628644896584742e-16
-17.00241427327379,-0.7448284014896178,-2.0394556255650427,-1.914151035589288,-3.688002508134134,1.127774210749467,-0.333500100882099,-3.1350099036492822,3.442261933676489,-1.414767546326199,2.412661007722597,4.249582482533672,9.508895484036948,-8.908330523962416,-3.2837329248144727,-3.2554846164118802,-3.2871309373414825,11.906484349962714,-2.472562404699421,-0.057332612789866,-2.8199310425993014,-1.9454882419747364,-4.302477260112814,59.556514466076585,-7.068811654014578,7.041143433467589,-1.0744684691574329,-0.36058697350689256,-0.008325653717517747,3.510551928823032e-14,8.949934713762023e-16,-4.3694945193893316e-16,7.133297799679869e-16,-4.4105487781039256e-16,-8.573298789225678e-16,5.454450767436957e-16,1.4370343192263965e-16,-2.2528439958380535e-16,3.9054479333119035e-16,-4.0395399207031196e-16,-1.3093467299149001e-15,1.2383651355745962e-17,3.33820405462024e-15,-6.895466597437214e-16,2.368658525471937e-16,-2.9074370649318545e-16,9.245189152883731e-16,-1.2320961144316564e-15,-1.3898339431244592e-15,-1.6993550443500748e-15,1.887767208879553e-15,-1.2448702654790466e-15,-1.9926460195543627e-16,1.90256580998873e-15,4.211720866753533e-16,-5.350003626494931e-16,-4.252535371659013e-18,-1.8553092333552624e-15,-3.285604940916956e-16,-1.4472596122461706e-15,3.1056214212178347e-16,1.933649930928191e-15,3.4923781293936757e-15,2.3787360363674723e-16,5.872748820545504e-16,8.722451718963152e-16,1.1008647658562717e-15,-2.0868899224209714e-15,1.027714134091471e-15,1.1849847000769878e-15,2.5143487109039977e-15,-3.844221712069446e-15,-7.34096077519188e-16,-3.479535906547865e-15,-2.5109151767430113e-15,3.594505315349387e-15,8.772137725754647e-16,-1.981560217639527e-15,6.679227166847225e-16,1.0209369614268708e-14,-5.02180176305788e-15,-5.216176616982081e-15,-4.684207880665479e-15,-3.787508328102917e-15,-2.9439339165361743e-15,-6.2060712584756904e-15,1.474607168852089e-14,-1.1687198258688855e-14,2.355156009879705e-16,2.797924060919412e-15,1.543615251576506e-14,1.3640525661731987e-15,1.3379223801142286e-14,-1.5596782777343193e-15,2.1792020739167303e-15,1.7515159217259877e-16,-3.692864598247037e-17,8.47813636205514e-17,1.4354688286887585e-16,-4.9563374150794823e-17
1.3380351434655429,-7.966672100207937,13.31528190963918,-0.6111884508666043,-0.7709655852422896,-16.81544063110307,4.735701476112755,-0.9360495544323478,14.91350382001998,51.932321820062405,-51.322269027549424,-36.330369821074775,-3.7321957693703744,-3.089156156578967,-7.473796391951299,-5.892546782586375,-2.9800760200033114,2.6054480671553026,-1.6757587765406792,1.0583534462246649,-3.8053836580415146,-1.7848503173233545,-0.907726590722646,-0.3860696175758534,-2.670626167406782,-0.051827685762695225,0.3776724474448394,0.07375287688141118,-0.001362931810738353,3.502944161938895e-14,-6.401580815093487e-16,5.326320764172306e-16,-1.512645139660031e-15,1.5037385989836873e-15,1.930046403990369e-15,1.1289572686282216e-15,2.167778198591714e-15,3.3057880601869376e-16,1.2671857469046267e-15,-5.766029246435202e-16,-5.101982991667265e-17,-1.4838691598812583e-17,-3.2807301280870126e-16,9.80261322933006e-16,2.3290946796904168e-15,5.812138664990983e-16,-2.0084375957087206e-17,-9.364831276022849e-16,2.264560712267206e-16,4.680563754153042e-16,-1.638929051742429e-15,-3.1210531339418807e-15,-8.227904450787904e-16,2.2987836904839646e-15,-1.086317582155781e-15,2.2831987680362755e-15,1.2217244295737933e-16,2.0030141070923493e-16,8.453708256822347e-16,-1.3931852794920118e-15,8.993041312406657e-16,8.404330782251383e-16,-8.058347199665576e-16,-1.3640169933114479e-17,-1.9420291265931482e-16,-3.948903020363055e-16,3.592719224431492e-16,-6.192089460419687e-16,6.553862372032623e-16,3.6095446221380956e-16,7.606555863284852e-16,-1.5405235620498164e-15,-1.6443711794981562e-15,-2.3213286680905685e-15,-2.1193927061594526e-15,1.6994993630458715e-15,1.4180420371344025e-15,-2.8844616102424324e-15,7.873836920635527e-16,1.5036182179269356e-15,-5.378575523327865e-16,2.1574107800528485e-15,2.6315006335111384e-15,5.794918572809529e-16,1.8370660264491466e-15,1.5562356545081145e-14,-6.9957943983485205e-15,2.215957990729714e-15,1.1380628300206783e-14,1.1342118214538291e-14,-1.7479544539789836e-15,1.4151803517098811e-14,1.1275977139719641e-14,-1.267637032256991e-14,1.3287499573263971e-15,-5.748299564974813e-17,-3.320569904849974e-16,-1.7482177319401714e-17,3.8031079673650045e-16,3.2980473951237943e-16
-28.76321322713893,7.083438771467609,-2.984851215922898,-8.91794857047688,-10.301756993487492,-5.516753061207999,-4.4963251540962546,-7.434211479592093,2.4920267524785347,-17.72777487093752,-1.3973928612937003,-11.630654763569556,-4.427083061654606,6.301949952225435,5.322014186187596,-16.157758871348264,-4.84229902559451,2.6905326456043857,-17.18366216465275,-25.440794047198104,9.603009979444018,-7.28833651035084,-11.777665774475652,-6.439089539632129,-2.6036801715698874,3.5430781659944874,-4.5101035507607765,-0.22712671975296933,0.006910454706387545,3.5208052303000154e-14,6.183885240185167e-16,-2.8801800753879915e-16,-3.4790184006680164e-16,2.1253492188233485e-16,-1.0685693806252508e-15,-2.313294158649051e-16,-4.522724673229499e-16,3.1676218711562037e-16,1.3624359090249362e-16,-1.191507548232631e-15,1.5742788983107059e-15,-1.2314215379652141e-17,6.174810114454397e-16,1.0943380935652773e-15,-4.59251872030142e-16,-5.301228487576443e-16,-1.4522412077304522e-15,-1.0963122994334569e-15,9.941100607725942e-17,8.441683387459415e-16,1.796491098375333e-16,-9.955740733937108e-16,-1.2230151190152407e-15,2.85583979654368e-18,1.005256484310127e-15,-1.5010132594372652e-15,-1.6550598265262419e-15,1.9000918994355985e-15,1.4304352716791254e-15,-7.462212694035415e-16,2.706571941151286e-16,-4.898479290015777e-16,4.0272375580002287e-16,-1.7316868609983796e-16,-3.05062479934415e-16,1.3871455689697743e-16,-5.731570652942504e-16,4.644736691832761e-16,-5.128754328808266e-16,6.303958982134418e-17,4.008064708240793e-16,-4.334921397178072e-16,-2.2679092828766067e-16,5.629422367700806e-16,-1.0353244417707348e-15,9.740666310607713e-16,7.409287401416701e-16,5.358136880410852e-16,-2.1614551481446592e-16,2.9237414035484704e-16,-2.8975957767272536e-16,1.8527005047216005e-17,7.774087495958156e-16,1.8578548350022364e-16,-2.06036888378503e-15,1.380784154375113e-16,1.4291876679409923e-15,-8.007924022546475e-16,1.2893210154788345e-15,1.5522335178555027e-15,-1.4501177118210347e-15,-5.280448446383334e-16,-9.69622926506181e-16,3.516831775014899e-16,-1.6960435748043331e-15,1.8693367222407417e-14,-1.385166050696844e-14,-5.694099387016512e-15,-5.522598048744738e-15,-3.137721571087336e-15
-3.5488053077747335,-1.4144578635938212,0.7585140886809142,1.5222646097595176,-2.4555664132744943,1.236481733073554,3.400350405427659,-3.1217337611475005,-3.871239350859727,16.99310016235738,7.152127434316224,3.7789085866030305,48.50223092361579,45.69284578712311,9.448400453759344,21.57960375919831,-24.2880160758224,-6.257182434017031,-4.95341123802038,-5.261336094548989,-10.011698850327765,3.172337276897749,-2.0231195042754675,-2.3891980794802725,0.3524489989916162,2.0519827826190564,-0.6018854421253127,-0.07177182827185741,0.0014277267962531004,3.509665599717877e-14,-7.204613508194464e-16,6.01931529141852e-16,-9.371488602240377e-16,6.952462429415696e-16,-4.311747756788709e-16,-6.232043160121885e-17,2.0742583605684966e-16,9.293764590223952e-16,-7.250726618526818e-16,2.572502262592362e-16,1.9540493751564958e-15,5.13084073147229e-16,4.450073874057614e-16,1.0016810006902065e-15,-2.596910790138655e-15,-2.4972259266853864e-15,-2.7314498466684367e-15,2.3938412606928822e-15,1.1911808491402266e-15,-5.385074273543829e-16,3.010640614945838e-17,-1.6218920195780486e-15,1.594461856878198e-15,1.386234266118939e-15,-3.0846987368382565e-16,1.6140025617686038e-15,3.2005241852790608e-16,-1.7964636259427512e-15,-2.9787570729681695e-16,1.1520443934007262e-15,-9.938247824369649e-16,1.172657561458987e-16,1.4395360716053945e-15,1.967679915241714e-17,1.7054104739350535e-17,2.1863872703766277e-17,1.160734658564362e-16,-1.3245870025347094e-16,-5.3763657210839804e-17,4.8685187968401945e-17,-6.280580907699754e-17,2.2100240543051962e-17,1.057515551443749e-16,2.8345084614265654e-16,4.181375327508752e-16,-2.765530963234219e-16,-1.0120219703549979e-16,6.589826751087542e-16,-3.3736335623835406e-16,-7.498575892989273e-16,4.869979399767815e-16,3.101626527836601e-16,-4.560566408746744e-17,4.030509165792668e-16,7.647047757303797e-16,1.6835963467248833e-15,-2.168765205978263e-15,1.9129257163675674e-15,-4.477216147004997e-15,-2.8715347477366664e-15,1.5610843603490859e-15,1.5395559498433437e-15,-1.3959901889373984e-17,1.5155003614872852e-15,3.141234955027966e-14,4.3789050574563986e-15,3.0346519858321238e-15,-4.780171876170272e-16,-1.2174732347122392e-16,1.8124421842114995e-15
16.410464440886837,12.121863874411204,12.927550780230028,6.366764906820827,8.07387706870592,-0.526039303465345,1.405027595372394,3.950635980222435,-1.966366927818466,6.468706432431802,-2.504523566221971,12.35401047030403,-11.466161646340808,15.045335406505751,6.274699657595266,-0.881711075521888,-10.007107811316681,19.464206846551043,-21.27544493293839,22.333502134697962,48.405925571688066,18.58214098555605,5.930377645033673,1.685967156802005,0.2640308890642829,-3.660689241216454,0.08748100679436333,0.19257676537775165,0.0017049062443173736,3.512537011942637e-14,8.66492937801109e-16,-4.947705027463041e-16,9.958969594616587e-16,-1.4890740887414507e-15,-1.282104134869294e-15,-2.1361841545465598e-17,1.8595676858141754e-15,-2.7681414433411886e-16,-1.4030792416908418e-15,-8.841743069275113e-16,3.659039406301635e-16,3.410617203851194e-16,-2.020518069716824e-15,2.753900791251775e-16,1.5153651942633472e-15,6.893990894537141e-16,-4.89475526333611e-16,-1.482844675967913e-16,-1.8424582091339838e-16,-1.405958542066827e-15,-8.074945555922052e-17,1.0909994647982724e-15,9.246343922167553e-16,8.506619438147399e-16,-1.8598310964925046e-15,1.2184223242799189e-15,-2.958421008753588e-15,-1.4029614274764024e-15,8.136968239295111e-16,-1.3265424629733175e-15,-6.357880415863985e-16,-3.161170267998407e-15,1.3504261223965646e-15,2.0857610814060075e-17,-2.3268145881161463e-17,-1.2400207389938146e-17,8.471429612358668e-18,-1.4307279195070622e-17,1.41910387787661e-17,3.649547554801228e-17,6.120905168421798e-17,-1.0376489284518192e-16,-1.3294566998941113e-16,-1.0914553987283886e-16,-7.91010389652023e-17,8.911644330457882e-17,3.492752713524114e-17,-8.190525032996732e-17,3.284917257909931e-17,1.8491780229439975e-17,-6.611219563229581e-17,-2.337394425691136e-16,-2.676611840996713e-16,1.961020417378517e-16,2.1574418591465774e-16,3.5729215700762e-16,-5.443468594909665e-16,4.1275967466853907e-16,-9.307459252956216e-16,-7.687455966852858e-16,5.179637816226663e-16,3.5003216857374796e-16,2.5303844203237706e-16,-1.0486625904473484e-16,2.1206124555944906e-15,-8.445857426787418e-15,-2.8619277554422476e-15,9.653496100035921e-16,-3.636384017682017e-15,-5.321649344717038e-15
25.427136940338723,-31.18546607261575,9.429085260930844,-28.788937469887852,11.796673331351183,2.7886896116882034,76.54192505524833,-33.633015487167896,0.2676725376378093,-13.423581901373549,1.884208708067291,0.4129555699263459,-4.235158455615396,3.7513039936131647,-4.02585481469551,-3.248342552689076,3.759863614114509,-1.6028337174425378,0.3336869212297602,-0.5485510693913844,-1.3101249687239471,0.011271507343980046,1.2201853436429495,-0.09367186204112224,1.419119413881999,0.9317453169106402,-0.5121925423937774,0.039352010272861754,-0.008352553363875316,3.522289906403309e-14,1.5343494820719391e-16,4.081953179893531e-16,-1.439606162603952e-15,1.0768849606259926e-15,3.13105305305292e-16,7.810832103079287e-16,-1.1671179136861818e-16,8.1077788260693e-16,2.2526895054464357e-16,-1.1269480219530041e-15,-1.0168211336333324e-15,-4.329386904262907e-15,-6.116550143489474e-16,-6.272926139774039e-16,1.6707411958671747e-15,-1.4742040579077145e-15,-1.088391078361858e-15,1.3102818974967703e-15,8.91022284828816e-16,-1.751429665450771e-16,-3.891235028691528e-16,1.0416690670082028e-15,5.638577272393277e-16,-1.372962315922806e-16,-8.989184957862919e-16,-2.5146784259397222e-15,-1.7294160210737887e-15,-5.917562085417964e-16,-1.2668971958758285e-15,-1.0514605102467599e-15,-1.356796140425628e-15,1.6468185715594022e-15,-1.0899515775917365e-16,-5.474254961121398e-18,7.464045720130884e-18,1.0511106760608662e-17,3.3175762178260297e-17,-3.232341101986774e-17,9.558720873120977e-18,-1.6055980007590163e-17,4.049711810843056e-17,-1.5926355521291339e-16,-1.3808290546336051e-16,-1.465021692604221e-16,-1.5446922346750072e-16,2.6845713226653834e-16,2.91800684130937e-16,-4.102942474323425e-16,3.086071795008316e-16,2.848160663978056e-16,-1.7786223004279202e-16,-6.329686751104047e-16,-9.087191936380017e-16,6.666088010116652e-16,1.0837415605646738e-15,1.5808366159700817e-15,-1.6675657951031011e-15,1.7010892614835385e-15,-3.670570245826383e-15,-3.1878923620805435e-15,2.8611588497842406e-15,1.949205022526123e-15,1.6357615106744332e-15,-2.3475175969489345e-16,-8.064220224131762e-16,-6.1858407783171895e-15,8.104484820563192e-15,4.142006161845951e-16,-6.13588390211897e-15,8.60102895861674e-15
5.148089255031506,-32.942553687530896,-19.997807563948886,38.18975590077672,-39.7997401956666,65.00230744039021,-0.21333642017031884,-3.3291906717023965,-8.514389043004947,-13.47396338979697,-27.696780810142688,0.025397375499415245,-7.1553361104944075,3.440149336567419,-2.2958404350471753,6.603448494931993,-0.7036037098297419,-1.1221201782080006,-1.7776102947218464,1.7984029735154246,0.20553470561659462,-0.6541905257154533,1.5649908654813118,-0.9706757268921262,1.5150381466168545,0.9561445621181063,0.010017951071537355,-0.03719774494829657,-0.017188707215045545,3.5120859164287436e-14,-1.3789361996283043e-15,1.1774927383373694e-15,2.9006580159234864e-16,-1.0799559722581643e-15,-2.160161580095324e-15,2.9161213746974516e-15,5.278795588767319e-16,-1.4670859781185625e-15,-2.631362798943385e-16,-2.1245633172533462e-15,-1.685546446576794e-15,3.716152518328941e-17,-1.2751629714426493e-16,-1.4104941944007306e-15,-1.1687703805051183e-15,1.4879541587146278e-15,3.96507554295055e-17,6.424376351969711e-16,2.330581035612698e-15,7.09483000612649e-17,-5.904085921281509e-16,-1.4042547745976206e-15,8.409396733492893e-16,-1.0044280529749907e-15,-3.2617145849645243e-16,-1.063056921959504e-15,5.053492549645215e-16,-3.8163885275555685e-16,2.789729094542787e-15,6.892530801788463e-16,4.176074333671095e-16,5.53500114617045e-16,-4.110253878529648e-18,-1.7491128222642037e-17,2.7351354169382443e-17,1.4894613453950324e-17,2.152219112542634e-17,-2.3125961868225296e-17,1.9417385692450207e-17,5.61305987787964e-17,6.565545945437858e-17,-8.291599611953178e-17,-1.7505048930679476e-17,-1.4450099113086547e-17,1.735194162000486e-18,-1.179365669188147e-17,-9.869159912381772e-18,-4.705532394250865e-17,5.577584462443567e-17,1.113972853764338e-16,-1.6247224781596009e-16,-4.1542899217376885e-16,-6.789481114591605e-16,4.773887678198056e-16,7.08773650014131e-16,1.306339163984479e-15,-1.5662854002417165e-15,1.5902345977251208e-15,-3.1099128256483285e-15,-2.4739505725131734e-15,1.97574303870018e-15,1.0246315791562395e-15,1.0299018417062346e-15,-5.267540418248729e-16,-1.936062821968176e-15,-5.118131694618811e-16,-3.566169358419506e-15,-4.3649616437221735e-15,-2.7122292245885262e-15,5.797889167024548e-15
